"Name","Company","State","City","Salary","Location","Url"
"Android Developer","Brightcove","MA","Boston","$88k-$129k","Boston, MA","https://www.glassdoor.com/partner/jobListing.htm?pos=101&ao=264217&s=58&guid=000001611f3564ee90014ad7f88a8bc0&src=GD_JOB_AD&t=SR&extid=1&exst=OL&ist=&ast=OL&vt=w&slr=true&rtp=0&cs=1_97733056&cb=1516647048989&jobListingId=2628917416"
"Android Developer","Voatz  NEW","MA","Boston","","Boston, MA","https://www.glassdoor.com/partner/jobListing.htm?pos=102&ao=7438&s=58&guid=000001611f3564ee90014ad7f88a8bc0&src=GD_JOB_AD&t=SR&extid=1&exst=OL&ist=&ast=OL&vt=w&slr=true&rtp=0&cs=1_7381fadb&cb=1516647048991&jobListingId=2620344484"
"Android Developer","LevelUp","MA","Boston","$79k-$124k","Boston, MA","https://www.glassdoor.com/partner/jobListing.htm?pos=103&ao=136307&s=58&guid=000001611f3564ee90014ad7f88a8bc0&src=GD_JOB_AD&t=SR&extid=1&exst=OL&ist=&ast=OL&vt=w&slr=true&rtp=0&cs=1_7692aad1&cb=1516647048991&jobListingId=1958230910"
"Android Developer","Alexander Technology Group","MA","Newton","","Newton, MA","https://www.glassdoor.com/partner/jobListing.htm?pos=104&ao=288353&s=58&guid=000001611f3564ee90014ad7f88a8bc0&src=GD_JOB_AD&t=SR&extid=1&exst=OL&ist=&ast=OL&vt=w&slr=true&rtp=0&cs=1_36d3f3d4&cb=1516647048993&jobListingId=2617040270"
"Android Developer","Intrepid Pursuits","MA","Boston","$73k-$109k","Boston, MA","https://www.glassdoor.com/partner/jobListing.htm?pos=105&ao=85944&s=58&guid=000001611f3564ee90014ad7f88a8bc0&src=GD_JOB_AD&t=SR&extid=1&exst=OL&ist=&ast=OL&vt=w&slr=true&rtp=0&cs=1_3103c9d9&cb=1516647048994&jobListingId=2213316491"
"Android Developer","TrueMotion","MA","Boston","$91k-$134k","Boston, MA","https://www.glassdoor.com/partner/jobListing.htm?pos=106&ao=8095&s=58&guid=000001611f3564ee90014ad7f88a8bc0&src=GD_JOB_AD&t=SR&extid=1&exst=OL&ist=&ast=OL&vt=w&slr=true&rtp=0&cs=1_cdf08ce6&cb=1516647048996&jobListingId=2506718941"
"Android Developer","Layer3 TV","MA","Boston","$75k-$112k","Boston, MA","https://www.glassdoor.com/partner/jobListing.htm?pos=107&ao=4128&s=58&guid=000001611f3564ee90014ad7f88a8bc0&src=GD_JOB_AD&t=SR&extid=1&exst=OL&ist=&ast=OL&vt=w&slr=true&rtp=0&cs=1_eb64e78e&cb=1516647048997&jobListingId=2612122362"
"Android Developer","Strategic Employment Partners","MA","Boston","","Boston, MA","https://www.glassdoor.com/partner/jobListing.htm?pos=108&ao=37049&s=58&guid=000001611f3564ee90014ad7f88a8bc0&src=GD_JOB_AD&t=SR&extid=1&exst=OL&ist=&ast=OL&vt=w&slr=true&rtp=0&cs=1_604e34d8&cb=1516647048998&jobListingId=2611476425"
"Android Developer","Wayfair","MA","Boston","$61k-$98k","Boston, MA","https://www.glassdoor.com/partner/jobListing.htm?pos=109&ao=4128&s=58&guid=000001611f3564ee90014ad7f88a8bc0&src=GD_JOB_AD&t=SR&extid=1&exst=OL&ist=&ast=OL&vt=w&slr=true&rtp=0&cs=1_6d057fef&cb=1516647049000&jobListingId=2497686032"
"Software Developer (Android Systems)","BlackBerry","MA","Boston","$81k-$128k","Boston, MA","https://www.glassdoor.com/partner/jobListing.htm?pos=110&ao=194027&s=58&guid=000001611f3564ee90014ad7f88a8bc0&src=GD_JOB_AD&t=SR&extid=1&exst=OL&ist=&ast=OL&vt=w&slr=true&rtp=0&cs=1_bcce81c1&cb=1516647049001&jobListingId=2569766012"
"USA Software Engineer","Enlighten Software","MA","Boston","","Boston, MA","https://www.glassdoor.com/partner/jobListing.htm?pos=111&ao=253676&s=58&guid=000001611f3564ee90014ad7f88a8bc0&src=GD_JOB_AD&t=SR&extid=1&exst=OL&ist=&ast=OL&vt=w&slr=true&rtp=0&aa=1&ea=1&cs=1_a7891dc9&cb=1516647049003&jobListingId=2546504382"
"Android Developer","Staples, Inc.","MA","Boston","$66k-$100k","Boston, MA","https://www.glassdoor.com/partner/jobListing.htm?pos=112&ao=133293&s=58&guid=000001611f3564ee90014ad7f88a8bc0&src=GD_JOB_AD&t=SR&extid=1&exst=OL&ist=&ast=OL&vt=w&slr=true&rtp=0&cs=1_24a3314c&cb=1516647049003&jobListingId=2639524375"
"Android Developer (TDD/Agile)","EyeNetra","MA","Boston","","Boston, MA","https://www.glassdoor.com/partner/jobListing.htm?pos=113&ao=4120&s=58&guid=000001611f3564ee90014ad7f88a8bc0&src=GD_JOB_AD&t=SR&extid=1&exst=OL&ist=&ast=OL&vt=w&slr=true&rtp=0&cs=1_0cefdf4e&cb=1516647049005&jobListingId=2485583217"
"Android Engineer","Notarize","MA","Boston","","Boston, MA","https://www.glassdoor.com/partner/jobListing.htm?pos=114&ao=148364&s=58&guid=000001611f3564ee90014ad7f88a8bc0&src=GD_JOB_AD&t=SR&extid=1&exst=OL&ist=&ast=OL&vt=w&slr=true&rtp=0&cs=1_e51f4a13&cb=1516647049006&jobListingId=2385167614"
"Android Developer","NutriSavings, LLC","MA","Newton","$71k-$106k","Newton, MA","https://www.glassdoor.com/partner/jobListing.htm?pos=115&ao=4346&s=58&guid=000001611f3564ee90014ad7f88a8bc0&src=GD_JOB_AD&t=SR&extid=1&exst=OL&ist=&ast=OL&vt=w&slr=true&rtp=0&cs=1_194a2f80&cb=1516647049007&jobListingId=2565805095"
"Android Engineer","Ovia Health","MA","Boston","","Boston, MA","https://www.glassdoor.com/partner/jobListing.htm?pos=116&ao=14295&s=58&guid=000001611f3564ee90014ad7f88a8bc0&src=GD_JOB_AD&t=SR&extid=1&exst=OL&ist=&ast=OL&vt=w&slr=true&rtp=0&aa=1&ea=1&cs=1_a06b5d38&cb=1516647049008&jobListingId=2558815013"
"Android Engineer","WHOOP","MA","Boston","$58k-$88k","Boston, MA","https://www.glassdoor.com/partner/jobListing.htm?pos=117&ao=8095&s=58&guid=000001611f3564ee90014ad7f88a8bc0&src=GD_JOB_AD&t=SR&extid=1&exst=OL&ist=&ast=OL&vt=w&slr=true&rtp=0&cs=1_c5817e6f&cb=1516647049010&jobListingId=2602191853"
"Android Developer","Accu-Time Systems","MA","Boston","","Boston, MA","https://www.glassdoor.com/partner/jobListing.htm?pos=118&ao=85058&s=58&guid=000001611f3564ee90014ad7f88a8bc0&src=GD_JOB_AD&t=SR&extid=1&exst=OL&ist=&ast=OL&vt=w&slr=true&rtp=0&cs=1_fbdd3a1e&cb=1516647049011&jobListingId=2637012120"
"Software Engineer- Android","Fitbit","MA","Boston","$99k-$143k","Boston, MA","https://www.glassdoor.com/partner/jobListing.htm?pos=119&ao=243907&s=58&guid=000001611f3564ee90014ad7f88a8bc0&src=GD_JOB_AD&t=SR&extid=1&exst=OL&ist=&ast=OL&vt=w&slr=true&rtp=0&cs=1_37ae089c&cb=1516647049012&jobListingId=1968677778"
"Senior iOS Developer","Rightpoint","MA","Boston","$115k-$148k","Boston, MA","https://www.glassdoor.com/partner/jobListing.htm?pos=120&ao=220762&s=58&guid=000001611f3564ee90014ad7f88a8bc0&src=GD_JOB_AD&t=SR&extid=1&exst=OL&ist=&ast=OL&vt=w&slr=true&rtp=0&cs=1_3f756c0f&cb=1516647049013&jobListingId=2626269964"
"Android Developer","The Vesume Group","MA","Boston","","Boston, MA","https://www.glassdoor.com/partner/jobListing.htm?pos=121&ao=85058&s=58&guid=000001611f3564ee90014ad7f88a8bc0&src=GD_JOB_AD&t=SR&extid=1&exst=OL&ist=&ast=OL&vt=w&slr=true&rtp=0&cs=1_ccb8b855&cb=1516647049014&jobListingId=2637017518"
"Senior Android Developer","Outfront Media","MA","Boston","$81k-$122k","Boston, MA","https://www.glassdoor.com/partner/jobListing.htm?pos=122&ao=242900&s=58&guid=000001611f3564ee90014ad7f88a8bc0&src=GD_JOB_AD&t=SR&extid=1&exst=OL&ist=&ast=OL&vt=w&slr=true&rtp=0&cs=1_9631325f&cb=1516647049016&jobListingId=2640031699"
"Software Engineer, Android","Facebook","MA","Boston","$106k-$152k","Boston, MA","https://www.glassdoor.com/partner/jobListing.htm?pos=123&ao=132920&s=58&guid=000001611f3564ee90014ad7f88a8bc0&src=GD_JOB_AD&t=SR&extid=1&exst=OL&ist=&ast=OL&vt=w&slr=true&rtp=0&cs=1_a697cbe5&cb=1516647049017&jobListingId=2572535527"
"Senior Android Developer","Intrepid Pursuits","MA","Boston","$94k-$138k","Boston, MA","https://www.glassdoor.com/partner/jobListing.htm?pos=124&ao=85944&s=58&guid=000001611f3564ee90014ad7f88a8bc0&src=GD_JOB_AD&t=SR&extid=1&exst=OL&ist=&ast=OL&vt=w&slr=true&rtp=0&cs=1_9b6262ce&cb=1516647049018&jobListingId=2213316495"
"Senior Mobile Developer (Android)","LevelUp","MA","Boston","$101k-$148k","Boston, MA","https://www.glassdoor.com/partner/jobListing.htm?pos=125&ao=148364&s=58&guid=000001611f3564ee90014ad7f88a8bc0&src=GD_JOB_AD&t=SR&extid=1&exst=OL&ist=&ast=OL&vt=w&slr=true&rtp=0&cs=1_15b83025&cb=1516647049019&jobListingId=1999864332"
"Senior Android Developer","Chewy","MA","Boston","$116k-$167k","Boston, MA","https://www.glassdoor.com/partner/jobListing.htm?pos=126&ao=147178&s=58&guid=000001611f3564ee90014ad7f88a8bc0&src=GD_JOB_AD&t=SR&extid=1&exst=OL&ist=&ast=OL&vt=w&slr=true&rtp=0&cs=1_53c0b04f&cb=1516647049020&jobListingId=2532207767"
"Senior Android Developer","BBG Management","MA","Boston","","Boston, MA","https://www.glassdoor.com/partner/jobListing.htm?pos=127&ao=140103&s=58&guid=000001611f3564ee90014ad7f88a8bc0&src=GD_JOB_AD&t=SR&extid=1&exst=OL&ist=&ast=OL&vt=w&slr=true&rtp=0&cs=1_e665c286&cb=1516647049021&jobListingId=1888304469"
"Senior Android Developer","Rue La La","MA","Boston","$93k-$137k","Boston, MA","https://www.glassdoor.com/partner/jobListing.htm?pos=128&ao=133392&s=58&guid=000001611f3564ee90014ad7f88a8bc0&src=GD_JOB_AD&t=SR&extid=1&exst=OL&ist=&ast=OL&vt=w&slr=true&rtp=0&cs=1_e551187e&cb=1516647049023&jobListingId=2577516369"
"Power Quality Software Engineer","Dranetz Technologies","MA","Boston","","Boston, MA","https://www.glassdoor.com/partner/jobListing.htm?pos=129&ao=285440&s=58&guid=000001611f3564ee90014ad7f88a8bc0&src=GD_JOB_AD&t=SR&extid=1&exst=OL&ist=&ast=OL&vt=w&slr=true&rtp=0&aa=1&ea=1&cs=1_e59d1f3c&cb=1516647049024&jobListingId=2601523243"
"Android Developer (Senior to Lead)","Strategic Employment Partners","MA","Boston","","Boston, MA","https://www.glassdoor.com/partner/jobListing.htm?pos=130&ao=37049&s=58&guid=000001611f3564ee90014ad7f88a8bc0&src=GD_JOB_AD&t=SR&extid=1&exst=OL&ist=&ast=OL&vt=w&slr=true&rtp=0&cs=1_eeb4ee2f&cb=1516647049025&jobListingId=2611476547"
